Driver,City,Distance_km_week,Efficiency_reported_km_per_l,Efficiency_applied_km_per_l,Fuel_L_derived,EF_kgCO2e_per_L,Base_kgCO2e,BF,Adjusted_kgCO2e,Status,Reason_Codes,GCaI_Version,Config_Hash_Full,Prev_Record_Hash,Record_Hash_Full
GHA_001,Accra,500.0,0.0,15.0,33.33,2.31,77.0,0.0,77.0,OK,,GCaI_v0.1,1c0fc702e53acef1e34de8793f301da8f46a395d603758418100b081a9342efb,GENESIS,bba3dfd14cceba4870f38886dbdeed4f16d36deeaae14fd306647f9c153d277c
GHA_002,Accra,500.0,0.0,15.0,33.33,2.31,77.0,0.0,77.0,OK,,GCaI_v0.1,1c0fc702e53acef1e34de8793f301da8f46a395d603758418100b081a9342efb,bba3dfd14cceba4870f38886dbdeed4f16d36deeaae14fd306647f9c153d277c,bcc35c0d2b712b64d95be0d34cea35d21a5efe747b0ae68cf20effcb9befef3a
GHA_003,Accra,500.0,0.0,15.0,33.33,2.31,77.0,0.0,77.0,OK,,GCaI_v0.1,1c0fc702e53acef1e34de8793f301da8f46a395d603758418100b081a9342efb,bcc35c0d2b712b64d95be0d34cea35d21a5efe747b0ae68cf20effcb9befef3a,64b99cad45ad259e5d59f196004bed9fa7cb4063d222c4cdcf0aa2847c9a82c7
GHA_004,Adjiringanor,400.0,0.0,15.0,26.67,2.31,61.6,0.0,61.6,OK,,GCaI_v0.1,1c0fc702e53acef1e34de8793f301da8f46a395d603758418100b081a9342efb,64b99cad45ad259e5d59f196004bed9fa7cb4063d222c4cdcf0aa2847c9a82c7,2abe12a10c3428bc09faca1ee5b251d17acd8ef2966364655026306075c11cd9
GHA_005,Accra - Kasoa,249.5,0.0,15.0,16.63,2.31,38.42,0.0,38.42,OK,,GCaI_v0.1,1c0fc702e53acef1e34de8793f301da8f46a395d603758418100b081a9342efb,2abe12a10c3428bc09faca1ee5b251d17acd8ef2966364655026306075c11cd9,dde4e992a2896d143f5435914d06209be8af99cf47d78fe871b3ebb248a82540
GHA_006,Accra - Pokuase,149.5,0.0,15.0,9.97,2.31,23.02,0.1,25.33,OK,,GCaI_v0.1,1c0fc702e53acef1e34de8793f301da8f46a395d603758418100b081a9342efb,dde4e992a2896d143f5435914d06209be8af99cf47d78fe871b3ebb248a82540,b6ab7e3f6d466004af06c4247a768af5aad06c29353afd98859023206045c344
GHA_007,East Legon,149.5,0.0,15.0,9.97,2.31,23.02,0.0,23.02,OK,,GCaI_v0.1,1c0fc702e53acef1e34de8793f301da8f46a395d603758418100b081a9342efb,b6ab7e3f6d466004af06c4247a768af5aad06c29353afd98859023206045c344,5d5f2ebef5b2c3543e27d5b8f495fa21fad2b4b8f0ba6e1c0348ce4360962f38
GHA_008,Ashaiman,349.5,0.0,15.0,23.3,2.31,53.82,0.1,59.21,OK,,GCaI_v0.1,1c0fc702e53acef1e34de8793f301da8f46a395d603758418100b081a9342efb,5d5f2ebef5b2c3543e27d5b8f495fa21fad2b4b8f0ba6e1c0348ce4360962f38,9a2fdf805e2c41f3de30dd0738a7a58e04f5a25d3523215d38d5bf771beec909
GHA_009,Accra,449.5,0.0,15.0,29.97,2.31,69.22,0.0,69.22,OK,,GCaI_v0.1,1c0fc702e53acef1e34de8793f301da8f46a395d603758418100b081a9342efb,9a2fdf805e2c41f3de30dd0738a7a58e04f5a25d3523215d38d5bf771beec909,a74e1e80041ee8a34777baec1475bbea302493b23244a1fe905373d57dcb6171
GHA_010,Adenta,700.0,0.0,15.0,46.67,2.31,107.8,0.0,107.8,OK,,GCaI_v0.1,1c0fc702e53acef1e34de8793f301da8f46a395d603758418100b081a9342efb,a74e1e80041ee8a34777baec1475bbea302493b23244a1fe905373d57dcb6171,9bf7bde7deed9d10a0b4b065b322ef8d22207b6ed8d4097ae66956f59c6d55de
GHA_011,Accra,700.0,0.0,15.0,46.67,2.31,107.8,0.0,107.8,OK,,GCaI_v0.1,1c0fc702e53acef1e34de8793f301da8f46a395d603758418100b081a9342efb,9bf7bde7deed9d10a0b4b065b322ef8d22207b6ed8d4097ae66956f59c6d55de,d6a65ce24dd23c277b6237054bc981c4d7f19ff697e234834f21e74b4910837d
GHA_012,Accra,349.5,0.0,15.0,23.3,2.31,53.82,0.0,53.82,OK,,GCaI_v0.1,1c0fc702e53acef1e34de8793f301da8f46a395d603758418100b081a9342efb,d6a65ce24dd23c277b6237054bc981c4d7f19ff697e234834f21e74b4910837d,03d412b0574c09cb6e88085f9d503f59457bf20a40ad6ae4b0407f5788d877bd
GHA_013,Accra,449.5,0.0,15.0,29.97,2.31,69.22,0.25,86.53,REVIEW,HIGH_BEHAVIOUR_INTENSITY,GCaI_v0.1,1c0fc702e53acef1e34de8793f301da8f46a395d603758418100b081a9342efb,03d412b0574c09cb6e88085f9d503f59457bf20a40ad6ae4b0407f5788d877bd,34563d12fc333a3ea94d172a98579f6b19062a54550f2b7e223c7bfe8636feef
GHA_014,Accra,149.5,0.0,15.0,9.97,2.31,23.02,0.1,25.33,OK,,GCaI_v0.1,1c0fc702e53acef1e34de8793f301da8f46a395d603758418100b081a9342efb,34563d12fc333a3ea94d172a98579f6b19062a54550f2b7e223c7bfe8636feef,575f5a079b1b4a15d8687be82bfe7867e074f4bc58b2c2335abd619de6cad634
GHA_015,Madina,700.0,0.0,15.0,46.67,2.31,107.8,0.1,118.58,OK,,GCaI_v0.1,1c0fc702e53acef1e34de8793f301da8f46a395d603758418100b081a9342efb,575f5a079b1b4a15d8687be82bfe7867e074f4bc58b2c2335abd619de6cad634,157b5f9cb09cb6ec861174ea7f50afdfe83b62c934b610f2178c8f2c8159942d
GHA_016,"Accra, Oyarifa",449.5,0.0,15.0,29.97,2.31,69.22,0.25,86.53,REVIEW,HIGH_BEHAVIOUR_INTENSITY,GCaI_v0.1,1c0fc702e53acef1e34de8793f301da8f46a395d603758418100b081a9342efb,157b5f9cb09cb6ec861174ea7f50afdfe83b62c934b610f2178c8f2c8159942d,6668033f8d63ad4d8d92f4c100b3dbc215cc4a39b4b293c08ef5bc0027869da7
GHA_017,"greater accra , dodowa",449.5,0.0,15.0,29.97,2.31,69.22,0.1,76.15,OK,,GCaI_v0.1,1c0fc702e53acef1e34de8793f301da8f46a395d603758418100b081a9342efb,6668033f8d63ad4d8d92f4c100b3dbc215cc4a39b4b293c08ef5bc0027869da7,62e237274cedaaec5467b336e09a87677a42d2a05b96c274e94b967fa1843255
GHA_018,ACCRA,249.5,0.0,15.0,16.63,2.31,38.42,0.0,38.42,OK,,GCaI_v0.1,1c0fc702e53acef1e34de8793f301da8f46a395d603758418100b081a9342efb,62e237274cedaaec5467b336e09a87677a42d2a05b96c274e94b967fa1843255,eeea1aa898be5fa19fdd6a1058fb42945307669cb5e86e93141a85cc24830cc4
GHA_019,Accra,700.0,0.0,15.0,46.67,2.31,107.8,0.15,123.97,OK,,GCaI_v0.1,1c0fc702e53acef1e34de8793f301da8f46a395d603758418100b081a9342efb,eeea1aa898be5fa19fdd6a1058fb42945307669cb5e86e93141a85cc24830cc4,9cde654685cc6c40bd24df272ae3e1ee948b21f920d038d9d8fc490cb43a3837
GHA_020,Accra,149.5,0.0,15.0,9.97,2.31,23.02,0.0,23.02,OK,,GCaI_v0.1,1c0fc702e53acef1e34de8793f301da8f46a395d603758418100b081a9342efb,9cde654685cc6c40bd24df272ae3e1ee948b21f920d038d9d8fc490cb43a3837,29275132cfa23b1f76a294476d798e7e3ae49b292fa64d9c6e814ee8a7e7931f
GHA_021,Tema-Ashaiman,99.0,0.0,15.0,6.6,2.31,15.25,0.25,19.06,REVIEW,HIGH_BEHAVIOUR_INTENSITY,GCaI_v0.1,1c0fc702e53acef1e34de8793f301da8f46a395d603758418100b081a9342efb,29275132cfa23b1f76a294476d798e7e3ae49b292fa64d9c6e814ee8a7e7931f,9ebafe68a90e987d68330f6ebe1d2ddc2f6bd66c6f80af251a1fc23d7bb75edd
GHA_022,Kumasi,599.5,0.0,15.0,39.97,2.31,92.32,0.15,106.17,OK,,GCaI_v0.1,1c0fc702e53acef1e34de8793f301da8f46a395d603758418100b081a9342efb,9ebafe68a90e987d68330f6ebe1d2ddc2f6bd66c6f80af251a1fc23d7bb75edd,8874453ecf394712e82dcf8a899ca58f110e4e56205286e6d3bd54a5f7695ba2
GHA_023,Greater Accra,149.5,0.0,15.0,9.97,2.31,23.02,0.1,25.33,OK,,GCaI_v0.1,1c0fc702e53acef1e34de8793f301da8f46a395d603758418100b081a9342efb,8874453ecf394712e82dcf8a899ca58f110e4e56205286e6d3bd54a5f7695ba2,03ab9bee5e0627fb3305fce31cf59154646b66f3317ccde48d6b5e28eb3ba503
GHA_024,Kumasi,449.5,0.0,15.0,29.97,2.31,69.22,0.0,69.22,OK,,GCaI_v0.1,1c0fc702e53acef1e34de8793f301da8f46a395d603758418100b081a9342efb,03ab9bee5e0627fb3305fce31cf59154646b66f3317ccde48d6b5e28eb3ba503,420e6a7fab278b85f3a4781c9a00806c4f360dec7d07d3d24b74f3b40b6c1113
GHA_025,Tema-Ashaiman,99.0,0.0,15.0,6.6,2.31,15.25,0.25,19.06,REVIEW,HIGH_BEHAVIOUR_INTENSITY,GCaI_v0.1,1c0fc702e53acef1e34de8793f301da8f46a395d603758418100b081a9342efb,420e6a7fab278b85f3a4781c9a00806c4f360dec7d07d3d24b74f3b40b6c1113,b224b4392401730f97f2ae590d27d276a35cb5fda6a4b0b696f456e262462486
GHA_026,Accra tema,700.0,0.0,15.0,46.67,2.31,107.8,0.25,134.75,REVIEW,HIGH_BEHAVIOUR_INTENSITY,GCaI_v0.1,1c0fc702e53acef1e34de8793f301da8f46a395d603758418100b081a9342efb,b224b4392401730f97f2ae590d27d276a35cb5fda6a4b0b696f456e262462486,808f056c8d795ba82a44df369a08846d9e7283e1c91939101d907ec1ed00541b
GHA_027,Accra,349.5,0.0,15.0,23.3,2.31,53.82,0.1,59.21,OK,,GCaI_v0.1,1c0fc702e53acef1e34de8793f301da8f46a395d603758418100b081a9342efb,808f056c8d795ba82a44df369a08846d9e7283e1c91939101d907ec1ed00541b,52f6b0e9fc97151a99bb17216cda61ff7b70c543d6e29ab021feec1aaf6ef011
GHA_028,Kumasi,149.5,0.0,15.0,9.97,2.31,23.02,0.0,23.02,OK,,GCaI_v0.1,1c0fc702e53acef1e34de8793f301da8f46a395d603758418100b081a9342efb,52f6b0e9fc97151a99bb17216cda61ff7b70c543d6e29ab021feec1aaf6ef011,d0895638cfbad08d19e07917825a3c3be85eed7cf146d9da53b3b4df46dfccbe
GHA_029,Nungua junction mall,99.0,0.0,15.0,6.6,2.31,15.25,0.0,15.25,OK,,GCaI_v0.1,1c0fc702e53acef1e34de8793f301da8f46a395d603758418100b081a9342efb,d0895638cfbad08d19e07917825a3c3be85eed7cf146d9da53b3b4df46dfccbe,7e5bd6b355869a8986136c298848fc74dd23702d693d3b7929b11899d3edc563
GHA_030,Kumasi,449.5,0.0,15.0,29.97,2.31,69.22,0.15,79.61,OK,,GCaI_v0.1,1c0fc702e53acef1e34de8793f301da8f46a395d603758418100b081a9342efb,7e5bd6b355869a8986136c298848fc74dd23702d693d3b7929b11899d3edc563,db24ec19e24c48a0cbf64c55ab7e5bd1f5dff661a78ea26fd95260facc77ca32
GHA_031,Accra Dansoman,449.5,0.0,15.0,29.97,2.31,69.22,0.0,69.22,OK,,GCaI_v0.1,1c0fc702e53acef1e34de8793f301da8f46a395d603758418100b081a9342efb,db24ec19e24c48a0cbf64c55ab7e5bd1f5dff661a78ea26fd95260facc77ca32,a0c4bd032e4174278f5785602b6feb8e88f8e4705fa17b64f66ee23e11c800c2
GHA_032,Kumasi Ghana 🇬🇭,700.0,0.0,15.0,46.67,2.31,107.8,0.0,107.8,OK,,GCaI_v0.1,1c0fc702e53acef1e34de8793f301da8f46a395d603758418100b081a9342efb,a0c4bd032e4174278f5785602b6feb8e88f8e4705fa17b64f66ee23e11c800c2,b26ba8069887e75e028c67066bfe0a6e10d5b357169c9c230698cfa7e15bf971
GHA_033,Accra,249.5,0.0,15.0,16.63,2.31,38.42,0.0,38.42,OK,,GCaI_v0.1,1c0fc702e53acef1e34de8793f301da8f46a395d603758418100b081a9342efb,b26ba8069887e75e028c67066bfe0a6e10d5b357169c9c230698cfa7e15bf971,576a51f8f1c664fd924aa6b8496bb793f2af666fc9783dd3fa4c48d20e2dd3e8
GHA_034,Ablekuma,700.0,0.0,15.0,46.67,2.31,107.8,0.0,107.8,OK,,GCaI_v0.1,1c0fc702e53acef1e34de8793f301da8f46a395d603758418100b081a9342efb,576a51f8f1c664fd924aa6b8496bb793f2af666fc9783dd3fa4c48d20e2dd3e8,f5b890b9498b362aec5bf79414a247c8d4ba99bf770fd0fa90a0197cea5c5713
GHA_035,Accra - Botwe Lakeside,249.5,0.0,15.0,16.63,2.31,38.42,0.1,42.27,OK,,GCaI_v0.1,1c0fc702e53acef1e34de8793f301da8f46a395d603758418100b081a9342efb,f5b890b9498b362aec5bf79414a247c8d4ba99bf770fd0fa90a0197cea5c5713,d7104b7ef64cffe7774453b9a242377b340137b9cc4fb7a1ab84466e080dafa7
GHA_036,Accra,349.5,0.0,15.0,23.3,2.31,53.82,0.0,53.82,OK,,GCaI_v0.1,1c0fc702e53acef1e34de8793f301da8f46a395d603758418100b081a9342efb,d7104b7ef64cffe7774453b9a242377b340137b9cc4fb7a1ab84466e080dafa7,b363fdaded661bd1cab63acdda0dc1765faf56a99124d06edb9e6c3a0736a427
GHA_037,Accra,249.5,0.0,15.0,16.63,2.31,38.42,0.0,38.42,OK,,GCaI_v0.1,1c0fc702e53acef1e34de8793f301da8f46a395d603758418100b081a9342efb,b363fdaded661bd1cab63acdda0dc1765faf56a99124d06edb9e6c3a0736a427,6c5c98ec31f955c0ce0f38eeaa5f2c9501966398a5666bce56c78f02dbf6afda
GHA_038,Botwe - Accra,349.5,0.0,15.0,23.3,2.31,53.82,0.1,59.21,OK,,GCaI_v0.1,1c0fc702e53acef1e34de8793f301da8f46a395d603758418100b081a9342efb,6c5c98ec31f955c0ce0f38eeaa5f2c9501966398a5666bce56c78f02dbf6afda,fb6b7c9199f3dcb9769348cd46b368a9a2bdc8563218e7ec0a56aa0c8e2230cb
GHA_039,Lakeside - Botwe Comm8,249.5,0.0,15.0,16.63,2.31,38.42,0.0,38.42,OK,,GCaI_v0.1,1c0fc702e53acef1e34de8793f301da8f46a395d603758418100b081a9342efb,fb6b7c9199f3dcb9769348cd46b368a9a2bdc8563218e7ec0a56aa0c8e2230cb,1d6958586382755ca70d92f79cabf9401260f7ae983d16f5cfa0984823708a3b
GHA_040,Botwe,449.5,0.0,15.0,29.97,2.31,69.22,0.1,76.15,OK,,GCaI_v0.1,1c0fc702e53acef1e34de8793f301da8f46a395d603758418100b081a9342efb,1d6958586382755ca70d92f79cabf9401260f7ae983d16f5cfa0984823708a3b,577f5f8656f4c5dc03ff9572b7e9ac798de89632fddb2262e312563874525cc7
GHA_041,Accra,349.5,0.0,15.0,23.3,2.31,53.82,0.1,59.21,OK,,GCaI_v0.1,1c0fc702e53acef1e34de8793f301da8f46a395d603758418100b081a9342efb,577f5f8656f4c5dc03ff9572b7e9ac798de89632fddb2262e312563874525cc7,acb7493fae9de39a8f593d903501ccec5a3924a691ce240a581fdd37c4274bd9
GHA_042,Accra,349.5,0.0,15.0,23.3,2.31,53.82,0.1,59.21,OK,,GCaI_v0.1,1c0fc702e53acef1e34de8793f301da8f46a395d603758418100b081a9342efb,acb7493fae9de39a8f593d903501ccec5a3924a691ce240a581fdd37c4274bd9,78911cfe250b735c1dd76adced49b1c1e51e53282a73c6728001eea38dede5cd
GHA_043,Accra,349.5,0.0,15.0,23.3,2.31,53.82,0.1,59.21,OK,,GCaI_v0.1,1c0fc702e53acef1e34de8793f301da8f46a395d603758418100b081a9342efb,78911cfe250b735c1dd76adced49b1c1e51e53282a73c6728001eea38dede5cd,7f8a31b667ffa91c058cbec92c4f16f68606c821a6ba3c37e5f5110c08d34a76
GHA_044,Tema,599.5,0.0,15.0,39.97,2.31,92.32,0.0,92.32,OK,,GCaI_v0.1,1c0fc702e53acef1e34de8793f301da8f46a395d603758418100b081a9342efb,7f8a31b667ffa91c058cbec92c4f16f68606c821a6ba3c37e5f5110c08d34a76,5d6f353baf30dc953ffe852b672f0202e1b4ee41ff58f929b4b2dafd9104041a
GHA_045,Accra,149.5,0.0,15.0,9.97,2.31,23.02,0.1,25.33,OK,,GCaI_v0.1,1c0fc702e53acef1e34de8793f301da8f46a395d603758418100b081a9342efb,5d6f353baf30dc953ffe852b672f0202e1b4ee41ff58f929b4b2dafd9104041a,02787227ca6330241ab69561f2501ee13637577f09a5480961b9ee8a55b88aa1
GHA_046,Accra,700.0,0.0,15.0,46.67,2.31,107.8,0.1,118.58,OK,,GCaI_v0.1,1c0fc702e53acef1e34de8793f301da8f46a395d603758418100b081a9342efb,02787227ca6330241ab69561f2501ee13637577f09a5480961b9ee8a55b88aa1,08fb8341c756e2ddc6e5c25af29e3d2e0cece51367f0ff4263fb46579c7638d0
GHA_047,Agbogba - Accra,599.5,0.0,15.0,39.97,2.31,92.32,0.1,101.56,OK,,GCaI_v0.1,1c0fc702e53acef1e34de8793f301da8f46a395d603758418100b081a9342efb,08fb8341c756e2ddc6e5c25af29e3d2e0cece51367f0ff4263fb46579c7638d0,39fcfa7b45697fb2b8790644441048a1211ac418248d58211083ca29de672223
GHA_048,Agbogba - Accra,599.5,0.0,15.0,39.97,2.31,92.32,0.1,101.56,OK,,GCaI_v0.1,1c0fc702e53acef1e34de8793f301da8f46a395d603758418100b081a9342efb,39fcfa7b45697fb2b8790644441048a1211ac418248d58211083ca29de672223,cd2afa6a366319851ec20d7649e2de11f34096818e5cffc91cd4fc87f22b02ad
GHA_049,Accra,700.0,0.0,15.0,46.67,2.31,107.8,0.1,118.58,OK,,GCaI_v0.1,1c0fc702e53acef1e34de8793f301da8f46a395d603758418100b081a9342efb,cd2afa6a366319851ec20d7649e2de11f34096818e5cffc91cd4fc87f22b02ad,ea703c58cc44efe6fac69cc641010cf2ca5dea9e80f230fa5ea3c09183887a2e
GHA_050,East legon and Adenta,149.5,0.0,15.0,9.97,2.31,23.02,0.0,23.02,OK,,GCaI_v0.1,1c0fc702e53acef1e34de8793f301da8f46a395d603758418100b081a9342efb,ea703c58cc44efe6fac69cc641010cf2ca5dea9e80f230fa5ea3c09183887a2e,c51bc35b73233f1dcdb23bfccf668038bb683feb55d12ac0bd629adbb27d7440
GHA_051,Accra,449.5,0.0,15.0,29.97,2.31,69.22,0.0,69.22,OK,,GCaI_v0.1,1c0fc702e53acef1e34de8793f301da8f46a395d603758418100b081a9342efb,c51bc35b73233f1dcdb23bfccf668038bb683feb55d12ac0bd629adbb27d7440,1fd02f359a4d84eac616292368231cb821451dded93e35e6ab10d42d257d0816
GHA_052,Accra,249.5,0.0,15.0,16.63,2.31,38.42,0.0,38.42,OK,,GCaI_v0.1,1c0fc702e53acef1e34de8793f301da8f46a395d603758418100b081a9342efb,1fd02f359a4d84eac616292368231cb821451dded93e35e6ab10d42d257d0816,345c67b30e21b1946ce53d88e46ba67d7ba0b708d84e8a9b4c6d31a1b08728b1
GHA_053,Accra,249.5,0.0,15.0,16.63,2.31,38.42,0.0,38.42,OK,,GCaI_v0.1,1c0fc702e53acef1e34de8793f301da8f46a395d603758418100b081a9342efb,345c67b30e21b1946ce53d88e46ba67d7ba0b708d84e8a9b4c6d31a1b08728b1,309287c80e120dcd3129313fbee07dcfb56e37a8e0b4cd6efb1de066747b3069
GHA_054,Botwe - Accra,449.5,0.0,15.0,29.97,2.31,69.22,0.0,69.22,OK,,GCaI_v0.1,1c0fc702e53acef1e34de8793f301da8f46a395d603758418100b081a9342efb,309287c80e120dcd3129313fbee07dcfb56e37a8e0b4cd6efb1de066747b3069,32bed53abf7a4bfbf7bc3646d74a842f7be177f4c3b9bc43b7b4e7c396f3e9c3
GHA_055,Accra,449.5,0.0,15.0,29.97,2.31,69.22,0.0,69.22,OK,,GCaI_v0.1,1c0fc702e53acef1e34de8793f301da8f46a395d603758418100b081a9342efb,32bed53abf7a4bfbf7bc3646d74a842f7be177f4c3b9bc43b7b4e7c396f3e9c3,64516167e8c42704395e55b2606a5803494d353cd4f2271725eca84dea27637a
GHA_056,Accra,349.5,0.0,15.0,23.3,2.31,53.82,0.1,59.21,OK,,GCaI_v0.1,1c0fc702e53acef1e34de8793f301da8f46a395d603758418100b081a9342efb,64516167e8c42704395e55b2606a5803494d353cd4f2271725eca84dea27637a,a1b12b10a06e32686b59370baf3e7cf052a826c5c49d1014d55acb94c04ee32e
GHA_057,Ashale Botwe,449.5,0.0,15.0,29.97,2.31,69.22,0.1,76.15,OK,,GCaI_v0.1,1c0fc702e53acef1e34de8793f301da8f46a395d603758418100b081a9342efb,a1b12b10a06e32686b59370baf3e7cf052a826c5c49d1014d55acb94c04ee32e,149eadf92d02890631957b356957bbad6d57c72ae4424937f8d19c0b5bc37fbd
GHA_058,Botwe,349.5,0.0,15.0,23.3,2.31,53.82,0.0,53.82,OK,,GCaI_v0.1,1c0fc702e53acef1e34de8793f301da8f46a395d603758418100b081a9342efb,149eadf92d02890631957b356957bbad6d57c72ae4424937f8d19c0b5bc37fbd,dc3b81bde16d635916ee6f8cc2181f53b222e20be38ebe49fb479304f1e16ca1
GHA_059,Accra,249.5,0.0,15.0,16.63,2.31,38.42,0.0,38.42,OK,,GCaI_v0.1,1c0fc702e53acef1e34de8793f301da8f46a395d603758418100b081a9342efb,dc3b81bde16d635916ee6f8cc2181f53b222e20be38ebe49fb479304f1e16ca1,d04e32157de5b6513f1420257bf1b9fab9d4bae65bc8378f852c5da01c325104
GHA_060,Adjiringanor Greater Accra,349.5,0.0,15.0,23.3,2.31,53.82,0.15,61.9,OK,,GCaI_v0.1,1c0fc702e53acef1e34de8793f301da8f46a395d603758418100b081a9342efb,d04e32157de5b6513f1420257bf1b9fab9d4bae65bc8378f852c5da01c325104,eddc2721f4c9d23c08cea2a342cc4d4c261c71d2df3c945b713a07005cff05a2
GHA_061,Accra - Lakeside,349.5,0.0,15.0,23.3,2.31,53.82,0.1,59.21,OK,,GCaI_v0.1,1c0fc702e53acef1e34de8793f301da8f46a395d603758418100b081a9342efb,eddc2721f4c9d23c08cea2a342cc4d4c261c71d2df3c945b713a07005cff05a2,1c3b3096d0f5c91480d4ac0ecb097f9742b8bf69b37fefff198ff9d39b296cc2
GHA_062,Accra,449.5,0.0,15.0,29.97,2.31,69.22,0.1,76.15,OK,,GCaI_v0.1,1c0fc702e53acef1e34de8793f301da8f46a395d603758418100b081a9342efb,1c3b3096d0f5c91480d4ac0ecb097f9742b8bf69b37fefff198ff9d39b296cc2,7f23af5bf941d918926a65a2b547f33eeff8c8ac5e9d728186c2d3ca457d4462
GHA_063,East Legon,449.5,0.0,15.0,29.97,2.31,69.22,0.1,76.15,OK,,GCaI_v0.1,1c0fc702e53acef1e34de8793f301da8f46a395d603758418100b081a9342efb,7f23af5bf941d918926a65a2b547f33eeff8c8ac5e9d728186c2d3ca457d4462,159e52ff1527605d83ffd8a6f9f94c2fb8343ff50742fb1fa3a2f300ef321832
GHA_064,Nanakrom,599.5,0.0,15.0,39.97,2.31,92.32,0.1,101.56,OK,,GCaI_v0.1,1c0fc702e53acef1e34de8793f301da8f46a395d603758418100b081a9342efb,159e52ff1527605d83ffd8a6f9f94c2fb8343ff50742fb1fa3a2f300ef321832,042d153c4107112b11092b879ecf2bb84002e0e2ff2b32e9bd508bf47de0512a
GHA_065,Accra,700.0,0.0,15.0,46.67,2.31,107.8,0.1,118.58,OK,,GCaI_v0.1,1c0fc702e53acef1e34de8793f301da8f46a395d603758418100b081a9342efb,042d153c4107112b11092b879ecf2bb84002e0e2ff2b32e9bd508bf47de0512a,3d3ce1cecc5fe2420abcb63e11a3d6b47c5465afd8777c1ffd9ae2d53729c7dd
GHA_066,School Junction Botwe,349.5,0.0,15.0,23.3,2.31,53.82,0.1,59.21,OK,,GCaI_v0.1,1c0fc702e53acef1e34de8793f301da8f46a395d603758418100b081a9342efb,3d3ce1cecc5fe2420abcb63e11a3d6b47c5465afd8777c1ffd9ae2d53729c7dd,b51d54940c8946803ff43e5988b592137fac75ee1b71325bc58e3f92b2172325
GHA_067,Lakeside,349.5,0.0,15.0,23.3,2.31,53.82,0.1,59.21,OK,,GCaI_v0.1,1c0fc702e53acef1e34de8793f301da8f46a395d603758418100b081a9342efb,b51d54940c8946803ff43e5988b592137fac75ee1b71325bc58e3f92b2172325,3835c45f446f7e62f549a8d658b77c7dad85f23f2f31659060b4da9f4f8cbcd5
GHA_068,Botwe,599.5,0.0,15.0,39.97,2.31,92.32,0.1,101.56,OK,,GCaI_v0.1,1c0fc702e53acef1e34de8793f301da8f46a395d603758418100b081a9342efb,3835c45f446f7e62f549a8d658b77c7dad85f23f2f31659060b4da9f4f8cbcd5,517bebcd863da8373b0ef1f59c75d80e6478b5f323b0ebd95c55d7a2e4dadcec
GHA_069,Accra,449.5,0.0,15.0,29.97,2.31,69.22,0.1,76.15,OK,,GCaI_v0.1,1c0fc702e53acef1e34de8793f301da8f46a395d603758418100b081a9342efb,517bebcd863da8373b0ef1f59c75d80e6478b5f323b0ebd95c55d7a2e4dadcec,71a222c332b4f93d68b0632264d04902a7aa65c11564afa7c5cd762a7478d39c
GHA_070,Botwe Highways Accra,349.5,0.0,15.0,23.3,2.31,53.82,0.0,53.82,OK,,GCaI_v0.1,1c0fc702e53acef1e34de8793f301da8f46a395d603758418100b081a9342efb,71a222c332b4f93d68b0632264d04902a7aa65c11564afa7c5cd762a7478d39c,f214c5e9cd3ac19af40b1a646ca72d744ebb1546715bd2f1a5c35b8ae00b8640
GHA_071,Ashaleybotwe and Madina,249.5,0.0,15.0,16.63,2.31,38.42,0.15,44.19,OK,,GCaI_v0.1,1c0fc702e53acef1e34de8793f301da8f46a395d603758418100b081a9342efb,f214c5e9cd3ac19af40b1a646ca72d744ebb1546715bd2f1a5c35b8ae00b8640,b93d9832872ba16fa9d200edd04ef36d9a97be0ad3821e5761f0b03669062aa0
GHA_072,Tema official town,599.5,0.0,15.0,39.97,2.31,92.32,0.0,92.32,OK,,GCaI_v0.1,1c0fc702e53acef1e34de8793f301da8f46a395d603758418100b081a9342efb,b93d9832872ba16fa9d200edd04ef36d9a97be0ad3821e5761f0b03669062aa0,b833cfff24e1afb29c80b2c28d03c5f9df3e9af21669c9ca849892568841e961
GHA_073,Greater accra ghana,249.5,0.0,15.0,16.63,2.31,38.42,0.15,44.19,OK,,GCaI_v0.1,1c0fc702e53acef1e34de8793f301da8f46a395d603758418100b081a9342efb,b833cfff24e1afb29c80b2c28d03c5f9df3e9af21669c9ca849892568841e961,cc731adc15bef40187c6168220f3423f9d6f550551e14a616cc1b56c4de6ec58
GHA_074,Accra,249.5,0.0,15.0,16.63,2.31,38.42,0.25,48.03,REVIEW,HIGH_BEHAVIOUR_INTENSITY,GCaI_v0.1,1c0fc702e53acef1e34de8793f301da8f46a395d603758418100b081a9342efb,cc731adc15bef40187c6168220f3423f9d6f550551e14a616cc1b56c4de6ec58,2949978b6ad915c56ddeaeefd9195b9cc8d409fb0c87c7f753706465d5975480
GHA_075,Accra,349.5,0.0,15.0,23.3,2.31,53.82,0.0,53.82,OK,,GCaI_v0.1,1c0fc702e53acef1e34de8793f301da8f46a395d603758418100b081a9342efb,2949978b6ad915c56ddeaeefd9195b9cc8d409fb0c87c7f753706465d5975480,d15d147888e3e11ba10d8b373567275133d6cf34ac80c381eb6da77341beb8fa
GHA_076,Accra,249.5,0.0,15.0,16.63,2.31,38.42,0.1,42.27,OK,,GCaI_v0.1,1c0fc702e53acef1e34de8793f301da8f46a395d603758418100b081a9342efb,d15d147888e3e11ba10d8b373567275133d6cf34ac80c381eb6da77341beb8fa,e1d2eb2715f76f76f18065d2239003d7d5e2aa6a4cfa8e2bd82993934d04f7f9
GHA_077,Lapaz,149.5,0.0,15.0,9.97,2.31,23.02,0.1,25.33,OK,,GCaI_v0.1,1c0fc702e53acef1e34de8793f301da8f46a395d603758418100b081a9342efb,e1d2eb2715f76f76f18065d2239003d7d5e2aa6a4cfa8e2bd82993934d04f7f9,0523c29b7bf5630cf66b54e95f00181431dff9cdf543e57624db413e23398c21
GHA_078,Accra,249.5,0.0,15.0,16.63,2.31,38.42,0.0,38.42,OK,,GCaI_v0.1,1c0fc702e53acef1e34de8793f301da8f46a395d603758418100b081a9342efb,0523c29b7bf5630cf66b54e95f00181431dff9cdf543e57624db413e23398c21,884523c419bb8d4fa2fabeac047adda6e3dea895bf6eeb45de663f54c0febb9e
GHA_079,Accra,249.5,0.0,15.0,16.63,2.31,38.42,0.1,42.27,OK,,GCaI_v0.1,1c0fc702e53acef1e34de8793f301da8f46a395d603758418100b081a9342efb,884523c419bb8d4fa2fabeac047adda6e3dea895bf6eeb45de663f54c0febb9e,75a36207c2eb810c46ac8fb7e8b60f5c5a4e2ad7b025662bb731bee425c20f77
GHA_080,Accra,349.5,0.0,15.0,23.3,2.31,53.82,0.1,59.21,OK,,GCaI_v0.1,1c0fc702e53acef1e34de8793f301da8f46a395d603758418100b081a9342efb,75a36207c2eb810c46ac8fb7e8b60f5c5a4e2ad7b025662bb731bee425c20f77,fe3d09032ea884b101350af74ca034fed33c2b628d30d402c1c87016249da49d
GHA_081,Accra,249.5,0.0,15.0,16.63,2.31,38.42,0.1,42.27,OK,,GCaI_v0.1,1c0fc702e53acef1e34de8793f301da8f46a395d603758418100b081a9342efb,fe3d09032ea884b101350af74ca034fed33c2b628d30d402c1c87016249da49d,8a6da05bb59dbb08d8e0e9016c76d4a29e7c0fbb6a2ca2ac67c890f5a8877e13
